target,pocket,cid,name,smiles,mw,logp,affinity,ligand_eff,affinity_rank,le_rank,composite,confidence
BpeB,1,5379,1-cyclopropyl-6-fluoro-8-methoxy-7-(3-methylpiperazin-1-yl)-4-oxoquinoline-3-carboxylic acid,CC1CN(CCN1)C2=C(C=C3C(=C2OC)N(C=C(C3=O)C(=O)O)C4CC4)F,375.4,1.98,-0.002646,-0.0007,1.0,1.0,1.0,0.043
BpeB,1,60464,"5-amino-1-cyclopropyl-7-[(3R,5S)-3,5-dimethylpiperazin-1-yl]-6,8-difluoro-4-oxoquinoline-3-carboxylic acid",C[C@@H]1CN(C[C@@H](N1)C)C2=C(C(=C3C(=C2F)N(C=C(C3=O)C(=O)O)C4CC4)N)F,392.4,2.082,-0.000332,-0.0001,2.0,3.0,2.4000000000000004,0.087
BpeB,1,60021,"1-(2,4-difluorophenyl)-6-fluoro-7-(3-methylpiperazin-1-yl)-4-oxoquinoline-3-carboxylic acid",CC1CN(CCN1)C2=C(C=C3C(=C2)N(C=C(C3=O)C(=O)O)C4=C(C=C(C=C4)F)F)F,417.4,2.904,-0.0002925,-0.0001,3.0,3.0,3.0,0.13
BpeB,1,71335,"1-cyclopropyl-6-fluoro-7-[(1S,4S)-5-methyl-2,5-diazabicyclo[2.2.1]heptan-2-yl]-4-oxoquinoline-3-carboxylic acid",CN1C[C@@H]2C[C@H]1CN2C3=C(C=C4C(=C3)N(C=C(C4=O)C(=O)O)C5CC5)F,357.4,2.066,-0.0002158,-0.0001,4.0,3.0,3.6,0.174
BpeB,1,60605,"1-cyclopropyl-7-[(3S,5R)-3,5-dimethylpiperazin-1-yl]-5,6,8-trifluoro-4-oxoquinoline-3-carboxylic acid",C[C@@H]1CN(C[C@@H](N1)C)C2=C(C3=C(C(=C2F)F)C(=O)C(=CN3C4CC4)C(=O)O)F,395.4,2.639,-0.0001952,-0.0,5.0,14.0,8.600000000000001,0.217
BpeB,1,65958,1-cyclopropyl-6-fluoro-8-methoxy-7-[3-(methylamino)piperidin-1-yl]-4-oxoquinoline-3-carboxylic acid,CNC1CCCN(C1)C2=C(C=C3C(=C2OC)N(C=C(C3=O)C(=O)O)C4CC4)F,389.4,2.37,-0.0001696,-0.0,6.0,14.0,9.2,0.261
BpeB,1,3948,"1-ethyl-6,8-difluoro-7-(3-methylpiperazin-1-yl)-4-oxoquinoline-3-carboxylic acid",CCN1C=C(C(=O)C2=CC(=C(C(=C21)F)N3CCNC(C3)C)F)C(=O)O,351.35,1.796,-0.0001232,-0.0,7.0,14.0,9.8,0.304
BpeB,1,2764,1-cyclopropyl-6-fluoro-4-oxo-7-piperazin-1-ylquinoline-3-carboxylic acid,C1CC1N2C=C(C(=O)C3=CC(=C(C=C32)N4CCNCC4)F)C(=O)O,331.34,1.583,-0.0001064,-0.0,8.0,14.0,10.4,0.348
BpeB,1,3357,"6,8-difluoro-1-(2-fluoroethyl)-7-(4-methylpiperazin-1-yl)-4-oxoquinoline-3-carboxylic acid",CN1CCN(CC1)C2=C(C=C3C(=C2F)N(C=C(C3=O)C(=O)O)CCF)F,369.34,1.699,-9.045e-05,-0.0,9.0,14.0,11.0,0.391
BpeB,1,58258,"7-fluoro-6-(4-methylpiperazin-1-yl)-10-oxo-4-thia-1-azatricyclo[7.3.1.05,13]trideca-5(13),6,8,11-tetraene-11-carboxylic acid",CN1CCN(CC1)C2=C(C=C3C4=C2SCCN4C=C(C3=O)C(=O)O)F,363.4,1.696,-5.968e-05,-0.0,10.0,14.0,11.600000000000001,0.435
BpeB,1,56206,6-fluoro-1-(4-fluorophenyl)-7-(4-methylpiperazin-1-yl)-4-oxoquinoline-3-carboxylic acid,CN1CCN(CC1)C2=C(C=C3C(=C2)N(C=C(C3=O)C(=O)O)C4=CC=C(C=C4)F)F,399.4,2.719,-4.876e-05,-0.0,11.0,14.0,12.2,0.478
BpeB,1,65947,"6-fluoro-1-methyl-7-[4-[(5-methyl-2-oxo-1,3-dioxol-4-yl)methyl]piperazin-1-yl]-4-oxo-1H-[1,3]thiazeto[3,2-a]quinoline-3-carboxylic acid",CC1N2C3=CC(=C(C=C3C(=O)C(=C2S1)C(=O)O)F)N4CCN(CC4)CC5=C(OC(=O)O5)C,461.5,2.64,-6.968e-06,-0.0,12.0,14.0,12.8,0.522
BpeB,1,56208,6-fluoro-1-(4-fluorophenyl)-4-oxo-7-piperazin-1-ylquinoline-3-carboxylic acid,C1CN(CCN1)C2=C(C=C3C(=C2)N(C=C(C3=O)C(=O)O)C4=CC=C(C=C4)F)F,385.4,2.377,-4.827e-06,-0.0,13.0,14.0,13.4,0.565
BpeB,1,71188,1-cyclopropyl-7-(4-ethylpiperazin-1-yl)-6-fluoro-4-oxoquinoline-3-carboxylic acid,CCN1CCN(CC1)C2=C(C=C3C(=C2)N(C=C(C3=O)C(=O)O)C4CC4)F,359.4,2.316,-3.891e-06,-0.0,14.0,14.0,14.0,0.609
BpeB,1,72474,1-cyclopropyl-6-fluoro-5-methyl-7-(3-methylpiperazin-1-yl)-4-oxoquinoline-3-carboxylic acid,CC1CN(CCN1)C2=C(C(=C3C(=C2)N(C=C(C3=O)C(=O)O)C4CC4)C)F,359.4,2.28,-3.194e-06,-0.0,15.0,14.0,14.600000000000001,0.652
BpeB,1,10178705,7-[(3R)-3-aminoazepan-1-yl]-8-chloro-1-cyclopropyl-6-fluoro-4-oxoquinoline-3-carboxylic acid,C1CCN(C[C@@H](C1)N)C2=C(C=C3C(=C2Cl)N(C=C(C3=O)C(=O)O)C4CC4)F,393.8,3.145,-1.37e-06,-0.0,16.0,14.0,15.2,0.696
BpeB,1,3374,"7-fluoro-12-methyl-4-oxo-1-azatricyclo[7.3.1.05,13]trideca-2,5,7,9(13)-tetraene-3-carboxylic acid",CC1CCC2=C3N1C=C(C(=O)C3=CC(=C2)F)C(=O)O,261.25,2.346,0.0,0.0,20.0,14.0,17.6,0.87
BpeB,1,4539,1-ethyl-6-fluoro-4-oxo-7-piperazin-1-ylquinoline-3-carboxylic acid,CCN1C=C(C(=O)C2=CC(=C(C=C21)N3CCNCC3)F)C(=O)O,319.33,1.268,0.0,0.0,20.0,14.0,17.6,0.87
BpeB,1,51081,1-ethyl-6-fluoro-7-(4-methylpiperazin-1-yl)-4-oxoquinoline-3-carboxylic acid,CCN1C=C(C(=O)C2=CC(=C(C=C21)N3CCN(CC3)C)F)C(=O)O,333.36,1.611,0.0,0.0,20.0,14.0,17.6,0.87
BpeB,1,4410,"7-fluoro-8-(4-hydroxypiperidin-1-yl)-12-methyl-4-oxo-1-azatricyclo[7.3.1.05,13]trideca-2,5,7,9(13)-tetraene-3-carboxylic acid",CC1CCC2=C3N1C=C(C(=O)C3=CC(=C2N4CCC(CC4)O)F)C(=O)O,360.4,2.307,0.0,0.0,20.0,14.0,17.6,0.87
BpeB,1,60063,7-(3-aminopyrrolidin-1-yl)-8-chloro-1-cyclopropyl-6-fluoro-4-oxoquinoline-3-carboxylic acid,C1CC1N2C=C(C(=O)C3=CC(=C(C(=C32)Cl)N4CCC(C4)N)F)C(=O)O,365.8,2.365,0.0,0.0,20.0,14.0,17.6,0.87
BpeB,1,11567473,"7-[(4aS,7aS)-3,4,4a,5,7,7a-hexahydro-2H-pyrrolo[3,4-b][1,4]oxazin-6-yl]-8-cyano-1-cyclopropyl-6-fluoro-4-oxoquinoline-3-carboxylic acid",C1CC1N2C=C(C(=O)C3=CC(=C(C(=C32)C#N)N4C[C@H]5[C@H](C4)OCCN5)F)C(=O)O,398.4,1.222,0.0,0.0,20.0,14.0,17.6,0.87
BpeB,1,461399,"7-[(7S)-7-amino-5-azaspiro[2.4]heptan-5-yl]-8-chloro-6-fluoro-1-[(1R,2S)-2-fluorocyclopropyl]-4-oxoquinoline-3-carboxylic acid",C1CC12CN(C[C@H]2N)C3=C(C=C4C(=C3Cl)N(C=C(C4=O)C(=O)O)[C@@H]5C[C@@H]5F)F,409.8,2.703,0.0,0.0,20.0,14.0,17.6,0.87
LipL32,1,56208,6-fluoro-1-(4-fluorophenyl)-4-oxo-7-piperazin-1-ylquinoline-3-carboxylic acid,C1CN(CCN1)C2=C(C=C3C(=C2)N(C=C(C3=O)C(=O)O)C4=CC=C(C=C4)F)F,385.4,2.377,-10.46,-2.7141,1.0,4.0,2.2,0.042
LipL32,1,4410,"7-fluoro-8-(4-hydroxypiperidin-1-yl)-12-methyl-4-oxo-1-azatricyclo[7.3.1.05,13]trideca-2,5,7,9(13)-tetraene-3-carboxylic acid",CC1CCC2=C3N1C=C(C(=O)C3=CC(=C2N4CCC(CC4)O)F)C(=O)O,360.4,2.307,-10.0,-2.7747,3.0,2.0,2.5999999999999996,0.125
LipL32,1,3374,"7-fluoro-12-methyl-4-oxo-1-azatricyclo[7.3.1.05,13]trideca-2,5,7,9(13)-tetraene-3-carboxylic acid",CC1CCC2=C3N1C=C(C(=O)C3=CC(=C2)F)C(=O)O,261.25,2.346,-9.408,-3.6011,7.0,1.0,4.6000000000000005,0.292
LipL32,1,56206,6-fluoro-1-(4-fluorophenyl)-7-(4-methylpiperazin-1-yl)-4-oxoquinoline-3-carboxylic acid,CN1CCN(CC1)C2=C(C=C3C(=C2)N(C=C(C3=O)C(=O)O)C4=CC=C(C=C4)F)F,399.4,2.719,-10.04,-2.5138,2.0,9.0,4.8,0.083
LipL32,1,54678924,"(4aS,5aR,12aR)-1,10,11,12a-tetrahydroxy-3,12-dioxo-4a,5,5a,6-tetrahydro-4H-tetracene-2-carboxamide",C1[C@@H]2CC3=C(C(=CC=C3)O)C(=C2C(=O)[C@]4([C@@H]1CC(=O)C(=C4O)C(=O)N)O)O,371.3,0.424,-9.52,-2.564,6.0,7.0,6.4,0.25
LipL32,1,60464,"5-amino-1-cyclopropyl-7-[(3R,5S)-3,5-dimethylpiperazin-1-yl]-6,8-difluoro-4-oxoquinoline-3-carboxylic acid",C[C@@H]1CN(C[C@@H](N1)C)C2=C(C(=C3C(=C2F)N(C=C(C3=O)C(=O)O)C4CC4)N)F,392.4,2.082,-9.786,-2.4939,4.0,10.0,6.4,0.167
LipL32,1,2764,1-cyclopropyl-6-fluoro-4-oxo-7-piperazin-1-ylquinoline-3-carboxylic acid,C1CC1N2C=C(C(=O)C3=CC(=C(C=C32)N4CCNCC4)F)C(=O)O,331.34,1.583,-9.102,-2.747,9.0,3.0,6.6,0.375
LipL32,1,60021,"1-(2,4-difluorophenyl)-6-fluoro-7-(3-methylpiperazin-1-yl)-4-oxoquinoline-3-carboxylic acid",CC1CN(CCN1)C2=C(C=C3C(=C2)N(C=C(C3=O)C(=O)O)C4=C(C=C(C=C4)F)F)F,417.4,2.904,-9.677,-2.3184,5.0,17.0,9.8,0.208
LipL32,1,5379,1-cyclopropyl-6-fluoro-8-methoxy-7-(3-methylpiperazin-1-yl)-4-oxoquinoline-3-carboxylic acid,CC1CN(CCN1)C2=C(C=C3C(=C2OC)N(C=C(C3=O)C(=O)O)C4CC4)F,375.4,1.98,-9.079,-2.4185,10.0,12.0,10.8,0.417
LipL32,1,71335,"1-cyclopropyl-6-fluoro-7-[(1S,4S)-5-methyl-2,5-diazabicyclo[2.2.1]heptan-2-yl]-4-oxoquinoline-3-carboxylic acid",CN1C[C@@H]2C[C@H]1CN2C3=C(C=C4C(=C3)N(C=C(C4=O)C(=O)O)C5CC5)F,357.4,2.066,-9.044,-2.5305,13.0,8.0,11.0,0.542
LipL32,1,58258,"7-fluoro-6-(4-methylpiperazin-1-yl)-10-oxo-4-thia-1-azatricyclo[7.3.1.05,13]trideca-5(13),6,8,11-tetraene-11-carboxylic acid",CN1CCN(CC1)C2=C(C=C3C4=C2SCCN4C=C(C3=O)C(=O)O)F,363.4,1.696,-9.046,-2.4893,11.5,11.0,11.3,0.479
LipL32,1,54675758,"(4S,4aS,12aR)-4-(dimethylamino)-1,10,11,12a-tetrahydroxy-6-methyl-3,12-dioxo-4a,5-dihydro-4H-tetracene-2-carboxamide",CC1=C2C=CC=C(C2=C(C3=C1C[C@H]4[C@@H](C(=O)C(=C([C@]4(C3=O)O)O)C(=O)N)N(C)C)O)O,426.4,0.456,-9.271,-2.1742,8.0,21.0,13.2,0.333
LipL32,1,51081,1-ethyl-6-fluoro-7-(4-methylpiperazin-1-yl)-4-oxoquinoline-3-carboxylic acid,CCN1C=C(C(=O)C2=CC(=C(C=C21)N3CCN(CC3)C)F)C(=O)O,333.36,1.611,-8.551,-2.5651,19.0,6.0,13.8,0.792
LipL32,1,60605,"1-cyclopropyl-7-[(3S,5R)-3,5-dimethylpiperazin-1-yl]-5,6,8-trifluoro-4-oxoquinoline-3-carboxylic acid",C[C@@H]1CN(C[C@@H](N1)C)C2=C(C3=C(C(=C2F)F)C(=O)C(=CN3C4CC4)C(=O)O)F,395.4,2.639,-9.046,-2.2878,11.5,18.0,14.1,0.479
LipL32,1,4539,1-ethyl-6-fluoro-4-oxo-7-piperazin-1-ylquinoline-3-carboxylic acid,CCN1C=C(C(=O)C2=CC(=C(C=C21)N3CCNCC3)F)C(=O)O,319.33,1.268,-8.239,-2.5801,22.0,5.0,15.2,0.917
LipL32,1,71188,1-cyclopropyl-7-(4-ethylpiperazin-1-yl)-6-fluoro-4-oxoquinoline-3-carboxylic acid,CCN1CCN(CC1)C2=C(C=C3C(=C2)N(C=C(C3=O)C(=O)O)C4CC4)F,359.4,2.316,-8.607,-2.3948,17.0,13.0,15.399999999999999,0.708
LipL32,1,60063,7-(3-aminopyrrolidin-1-yl)-8-chloro-1-cyclopropyl-6-fluoro-4-oxoquinoline-3-carboxylic acid,C1CC1N2C=C(C(=O)C3=CC(=C(C(=C32)Cl)N4CCC(C4)N)F)C(=O)O,365.8,2.365,-8.623,-2.3573,16.0,16.0,16.0,0.667
LipL32,1,72474,1-cyclopropyl-6-fluoro-5-methyl-7-(3-methylpiperazin-1-yl)-4-oxoquinoline-3-carboxylic acid,CC1CN(CCN1)C2=C(C(=C3C(=C2)N(C=C(C3=O)C(=O)O)C4CC4)C)F,359.4,2.28,-8.553,-2.3798,18.0,14.0,16.4,0.75
LipL32,1,65958,1-cyclopropyl-6-fluoro-8-methoxy-7-[3-(methylamino)piperidin-1-yl]-4-oxoquinoline-3-carboxylic acid,CNC1CCCN(C1)C2=C(C=C3C(=C2OC)N(C=C(C3=O)C(=O)O)C4CC4)F,389.4,2.37,-8.894,-2.284,15.0,19.0,16.6,0.625
LipL32,1,65947,"6-fluoro-1-methyl-7-[4-[(5-methyl-2-oxo-1,3-dioxol-4-yl)methyl]piperazin-1-yl]-4-oxo-1H-[1,3]thiazeto[3,2-a]quinoline-3-carboxylic acid",CC1N2C3=CC(=C(C=C3C(=O)C(=C2S1)C(=O)O)F)N4CCN(CC4)CC5=C(OC(=O)O5)C,461.5,2.64,-9.038,-1.9584,14.0,22.0,17.200000000000003,0.583
LipL32,1,3948,"1-ethyl-6,8-difluoro-7-(3-methylpiperazin-1-yl)-4-oxoquinoline-3-carboxylic acid",CCN1C=C(C(=O)C2=CC(=C(C(=C21)F)N3CCNC(C3)C)F)C(=O)O,351.35,1.796,-8.337,-2.3728,20.0,15.0,18.0,0.833
LipL32,1,3357,"6,8-difluoro-1-(2-fluoroethyl)-7-(4-methylpiperazin-1-yl)-4-oxoquinoline-3-carboxylic acid",CN1CCN(CC1)C2=C(C=C3C(=C2F)N(C=C(C3=O)C(=O)O)CCF)F,369.34,1.699,-8.216,-2.2245,23.0,20.0,21.799999999999997,0.958
LipL32,1,54681908,"(4S,4aS,5aR,12aR)-4-(dimethylamino)-1,10,11,12a-tetrahydroxy-7-[[methoxy(methyl)amino]methyl]-3,12-dioxo-4a,5,5a,6-tetrahydro-4H-tetracene-2-carboxamide",CN(C)[C@H]1[C@@H]2C[C@@H]3CC4=C(C=CC(=C4C(=C3C(=O)[C@@]2(C(=C(C1=O)C(=O)N)O)O)O)O)CN(C)OC,487.5,-0.043,-8.277,-1.6978,21.0,24.0,22.200000000000003,0.875
LipL32,1,54675783,"(4S,4aS,5aR,12aR)-4,7-bis(dimethylamino)-1,10,11,12a-tetrahydroxy-3,12-dioxo-4a,5,5a,6-tetrahydro-4H-tetracene-2-carboxamide",CN(C)[C@H]1[C@@H]2C[C@@H]3CC4=C(C=CC(=C4C(=C3C(=O)[C@@]2(C(=C(C1=O)C(=O)N)O)O)O)O)N(C)C,457.5,0.03,-8.213,-1.7952,24.0,23.0,23.6,1.0
NS3_Helicase,1,10489511,"1-[(2S,4R,5S)-4-hydroxy-5-(hydroxymethyl)oxolan-2-yl]-1,2,4-triazole-3-carboxamide",C1[C@H]([C@@H](O[C@@H]1N2C=NC(=N2)C(=O)N)CO)O,228.21,-1.982,-8.724,-3.8228,1.0,1.0,1.0,0.04
NS3_Helicase,1,498376,"1-[(2R,3R,4S,5R)-3,4-dihydroxy-5-(hydroxymethyl)oxolan-2-yl]-N'-methyl-1,2,4-triazole-3-carboximidamide",CN=C(C1=NN(C=N1)[C@H]2[C@@H]([C@@H]([C@H](O2)CO)O)O)N,257.25,-2.775,-8.113,-3.1537,2.0,4.0,2.8,0.08
NS3_Helicase,1,6713992,"1-[(2R,4R,5R)-3,4-dihydroxy-5-(hydroxymethyl)oxolan-2-yl]-1,2,4-triazole-3-carboxamide",C1=NC(=NN1[C@H]2C([C@H]([C@H](O2)CO)O)O)C(=O)N,244.2,-3.011,-7.747,-3.1724,5.0,3.0,4.2,0.2
NS3_Helicase,1,10633086,"1-[(2S,3S,4R,5S)-3,4-dihydroxy-5-methyloxolan-2-yl]-1,2,4-triazole-3-carboxamide",C[C@H]1[C@@H]([C@@H]([C@H](O1)N2C=NC(=N2)C(=O)N)O)O,228.21,-1.984,-7.326,-3.2102,9.0,2.0,6.199999999999999,0.36
NS3_Helicase,1,3006933,"(2R,3S,4R,5R)-2-(hydroxymethyl)-5-[3-(5-hydroxy-1,4,5,6-tetrahydropyrimidin-2-yl)-1,2,4-triazol-1-yl]oxolane-3,4-diol",C1C(CN=C(N1)C2=NN(C=N2)[C@H]3[C@@H]([C@@H]([C@H](O3)CO)O)O)O,299.28,-3.4,-7.829,-2.6159,3.0,13.0,7.0,0.12
NS3_Helicase,1,5064,"1-[3,4-dihydroxy-5-(hydroxymethyl)oxolan-2-yl]-1,2,4-triazole-3-carboxamide",C1=NC(=NN1C2C(C(C(O2)CO)O)O)C(=O)N,244.2,-3.011,-7.313,-2.9947,10.0,5.0,8.0,0.4
NS3_Helicase,1,15590160,"1-[(2R,3R,4S,5R)-3,4-dihydroxy-5-(hydroxymethyl)oxolan-2-yl]-1,2,4-triazole-3-carboxylic acid",C1=NC(=NN1[C@H]2[C@@H]([C@@H]([C@H](O2)CO)O)O)C(=O)O,245.19,-2.412,-7.203,-2.9377,11.0,6.0,9.0,0.44
NS3_Helicase,1,45273159,"1-[(2R,3R,4S,5S)-3,4-dihydroxy-5-(2-hydroxyethylsulfanylmethyl)oxolan-2-yl]-1,2,4-triazole-3-carboxamide",C1=NC(=NN1[C@H]2[C@@H]([C@@H]([C@H](O2)CSCCO)O)O)C(=O)N,304.33,-2.278,-7.634,-2.5085,6.0,16.0,10.0,0.24
NS3_Helicase,1,9794820,"1-[(2R,3S,4R,5S)-3,4-dihydroxy-5-(hydroxymethyl)oxolan-2-yl]-1,2,4-triazole-3-carboxamide",C1=NC(=NN1[C@H]2[C@H]([C@H]([C@@H](O2)CO)O)O)C(=O)N,244.2,-3.011,-7.027,-2.8776,12.0,7.0,10.0,0.48
NS3_Helicase,1,100252,"[(2R,3S,4R,5R)-5-(3-carbamoyl-1,2,4-triazol-1-yl)-3,4-dihydroxyoxolan-2-yl]methyl dihydrogen phosphate",C1=NC(=NN1[C@H]2[C@@H]([C@@H]([C@H](O2)COP(=O)(O)O)O)O)C(=O)N,324.18,-2.894,-7.77,-2.3968,4.0,20.0,10.4,0.16
NS3_Helicase,1,460516,"1-[(2S,3S,4R,5S)-3,4-dihydroxy-5-(hydroxymethyl)oxolan-2-yl]-1,2,4-triazole-3-carboxamide",C1=NC(=NN1[C@@H]2[C@H]([C@H]([C@@H](O2)CO)O)O)C(=O)N,244.2,-3.011,-6.976,-2.8567,13.0,8.0,11.0,0.52
NS3_Helicase,1,40629571,"1-[(2R,3S,4S,5R)-3,4-dihydroxy-5-(hydroxymethyl)oxolan-2-yl]-1,2,4-triazole-3-carboxamide",C1=NC(=NN1[C@H]2[C@H]([C@@H]([C@H](O2)CO)O)O)C(=O)N,244.2,-3.011,-6.858,-2.8084,15.0,9.0,12.6,0.6
NS3_Helicase,1,2962711,"[5-(3-carbamoyl-1,2,4-triazol-1-yl)-3,4-dihydroxyoxolan-2-yl]methyl 2,2-dimethylpropanoate",CC(C)(C)C(=O)OCC1C(C(C(O1)N2C=NC(=N2)C(=O)N)O)O,328.32,-1.414,-7.595,-2.3133,7.0,23.0,13.400000000000002,0.28
NS3_Helicase,1,321727,"[5-(3-carbamoyl-1,2,4-triazol-1-yl)-3,4-dihydroxyoxolan-2-yl]methyl dihydrogen phosphate",C1=NC(=NN1C2C(C(C(O2)COP(=O)(O)O)O)O)C(=O)N,324.18,-2.894,-7.35,-2.2673,8.0,24.0,14.400000000000002,0.32
NS3_Helicase,1,37542,"1-[(2R,3R,4S,5R)-3,4-dihydroxy-5-(hydroxymethyl)oxolan-2-yl]-1,2,4-triazole-3-carboxamide",C1=NC(=NN1[C@H]2[C@@H]([C@@H]([C@H](O2)CO)O)O)C(=O)N,244.2,-3.011,-6.489,-2.6572,17.0,11.0,14.6,0.68
NS3_Helicase,1,512138,"1-[1-[(2R,3R,4S,5R)-3,4-dihydroxy-5-(hydroxymethyl)oxolan-2-yl]-1,2,4-triazol-3-yl]ethanone",CC(=O)C1=NN(C=N1)[C@H]2[C@@H]([C@@H]([C@H](O2)CO)O)O,243.22,-1.908,-6.413,-2.6367,19.0,12.0,16.200000000000003,0.76
NS3_Helicase,1,511463,"1-[(2R,3R,4S,5R)-3,4-dihydroxy-5-(hydroxymethyl)oxolan-2-yl]tetrazole-5-carboxamide",C([C@@H]1[C@H]([C@H]([C@@H](O1)N2C(=NN=N2)C(=O)N)O)O)O,245.19,-3.616,-6.376,-2.6004,20.0,14.0,17.6,0.8
NS3_Helicase,1,496020,"1-[(2R,3R,4S,5R)-3,4-dihydroxy-5-(hydroxymethyl)oxolan-2-yl]-N-methyl-1,2,4-triazole-3-carboxamide",CNC(=O)C1=NN(C=N1)[C@H]2[C@@H]([C@@H]([C@H](O2)CO)O)O,258.23,-2.751,-6.419,-2.4858,18.0,18.0,18.0,0.72
NS3_Helicase,1,3080793,"[(2R,3R,4R,5R)-3,4-diacetyloxy-5-(3-carbamoyl-1,2,4-triazol-1-yl)oxolan-2-yl]methyl acetate",CC(=O)OC[C@@H]1[C@H]([C@H]([C@@H](O1)N2C=NC(=N2)C(=O)N)OC(=O)C)OC(=O)C,370.31,-1.299,-6.877,-1.8571,14.0,25.0,18.4,0.56
NS3_Helicase,1,3006932,"(2R,3S,4R,5R)-2-(hydroxymethyl)-5-[3-(1,4,5,6-tetrahydropyrimidin-2-yl)-1,2,4-triazol-1-yl]oxolane-3,4-diol",C1CNC(=NC1)C2=NN(C=N2)[C@H]3[C@@H]([C@@H]([C@H](O3)CO)O)O,283.28,-2.37,-6.687,-2.3606,16.0,22.0,18.4,0.64
NS3_Helicase,1,451949,"1-[(2R,5S)-5-(hydroxymethyl)oxolan-2-yl]-1,2,4-triazole-3-carboxamide",C1C[C@@H](O[C@@H]1CO)N2C=NC(=N2)C(=O)N,212.21,-0.953,-5.642,-2.6587,25.0,10.0,19.0,1.0
NS3_Helicase,1,451448,"1-[(2R,3R,4S,5R)-3,4-dihydroxy-5-(hydroxymethyl)oxolan-2-yl]-1,2,4-triazole-3-carboximidamide",C1=NC(=NN1[C@H]2[C@@H]([C@@H]([C@H](O2)CO)O)O)C(=N)N,243.22,-2.826,-6.232,-2.5623,22.0,15.0,19.2,0.88
NS3_Helicase,1,129126,"methyl 1-[(2R,3R,4S,5R)-3,4-dihydroxy-5-(hydroxymethyl)oxolan-2-yl]-1,2,4-triazole-3-carboximidate",COC(=N)C1=NN(C=N1)[C@H]2[C@@H]([C@@H]([C@H](O2)CO)O)O,258.23,-2.139,-6.249,-2.4199,21.0,19.0,20.2,0.84
NS3_Helicase,1,452722,"1-[3-hydroxy-5-(hydroxymethyl)oxolan-2-yl]-1,2,4-triazole-3-carboxamide",C1C(OC(C1O)N2C=NC(=N2)C(=O)N)CO,228.21,-1.982,-5.705,-2.4999,24.0,17.0,21.2,0.96
NS3_Helicase,1,6453729,"1-[(2R,3R,4S,5R)-3,4-dihydroxy-5-(hydroxymethyl)thiolan-2-yl]-1,2,4-triazole-3-carboxamide",C1=NC(=NN1[C@H]2[C@@H]([C@@H]([C@H](S2)CO)O)O)C(=O)N,260.27,-2.295,-6.201,-2.3825,23.0,21.0,22.2,0.92
ScaC,1,54678924,"(4aS,5aR,12aR)-1,10,11,12a-tetrahydroxy-3,12-dioxo-4a,5,5a,6-tetrahydro-4H-tetracene-2-carboxamide",C1[C@@H]2CC3=C(C(=CC=C3)O)C(=C2C(=O)[C@]4([C@@H]1CC(=O)C(=C4O)C(=O)N)O)O,371.3,0.424,-8.453,-2.2766,1.0,12.0,5.4,0.05
ScaC,1,3647975,3-hydroxy-3-(4-nitrophenyl)-2-[(2-phenylacetyl)amino]propanoic acid,C1=CC=C(C=C1)CC(=O)NC(C(C2=CC=C(C=C2)[N+](=O)[O-])O)C(=O)O,344.32,1.44,-8.389,-2.4364,3.0,9.0,5.4,0.15
ScaC,1,4658465,1-[2-hydroxy-2-(4-nitrophenyl)ethyl]-3-phenylurea,C1=CC=C(C=C1)NC(=O)NCC(C2=CC=C(C=C2)[N+](=O)[O-])O,301.3,2.45,-7.419,-2.4623,6.0,6.0,6.0,0.3
ScaC,1,5046881,N-[2-hydroxy-2-(4-nitrophenyl)ethyl]cyclohexanecarboxamide,C1CCC(CC1)C(=O)NCC(C2=CC=C(C=C2)[N+](=O)[O-])O,292.33,2.325,-7.142,-2.4431,7.0,7.0,7.0,0.35
ScaC,1,54675758,"(4S,4aS,12aR)-4-(dimethylamino)-1,10,11,12a-tetrahydroxy-6-methyl-3,12-dioxo-4a,5-dihydro-4H-tetracene-2-carboxamide",CC1=C2C=CC=C(C2=C(C3=C1C[C@H]4[C@@H](C(=O)C(=C([C@]4(C3=O)O)O)C(=O)N)N(C)C)O)O,426.4,0.456,-8.432,-1.9775,2.0,15.0,7.2,0.1
ScaC,1,44392548,"[(2S,3S)-2-amino-3-hydroxy-3-(4-nitrophenyl)propyl] dihydrogen phosphate",C1=CC(=CC=C1[C@@H]([C@H](COP(=O)(O)O)N)O)[N+](=O)[O-],292.18,0.065,-6.94,-2.3752,8.0,10.0,8.8,0.4
ScaC,1,259366,N-[2-hydroxy-2-(4-nitrophenyl)ethyl]acetamide,CC(=O)NCC(C1=CC=C(C=C1)[N+](=O)[O-])O,224.21,0.764,-6.488,-2.8937,13.0,3.0,9.0,0.65
ScaC,1,54675783,"(4S,4aS,5aR,12aR)-4,7-bis(dimethylamino)-1,10,11,12a-tetrahydroxy-3,12-dioxo-4a,5,5a,6-tetrahydro-4H-tetracene-2-carboxamide",CN(C)[C@H]1[C@@H]2C[C@@H]3CC4=C(C=CC(=C4C(=C3C(=O)[C@@]2(C(=C(C1=O)C(=O)N)O)O)O)O)N(C)C,457.5,0.03,-7.946,-1.7368,4.0,17.0,9.200000000000001,0.2
ScaC,1,10867584,2-nitro-1-(4-nitrophenyl)ethanol,C1=CC(=CC=C1C(C[N+](=O)[O-])O)[N+](=O)[O-],212.16,0.905,-6.34,-2.9883,15.0,1.0,9.4,0.75
ScaC,1,92743,"2-amino-1-(4-nitrophenyl)propane-1,3-diol",C1=CC(=CC=C1C(C(CO)N)O)[N+](=O)[O-],212.2,-0.052,-6.32,-2.9783,16.0,2.0,10.4,0.8
ScaC,1,54681908,"(4S,4aS,5aR,12aR)-4-(dimethylamino)-1,10,11,12a-tetrahydroxy-7-[[methoxy(methyl)amino]methyl]-3,12-dioxo-4a,5,5a,6-tetrahydro-4H-tetracene-2-carboxamide",CN(C)[C@H]1[C@@H]2C[C@@H]3CC4=C(C=CC(=C4C(=C3C(=O)[C@@]2(C(=C(C1=O)C(=O)N)O)O)O)O)CN(C)OC,487.5,-0.043,-7.638,-1.5668,5.0,20.0,11.0,0.25
ScaC,1,92099,"2,2-dichloro-N-[(1S,2S)-1,3-dihydroxy-1-(4-nitrophenyl)propan-2-yl]acetamide",C1=CC(=CC=C1[C@@H]([C@H](CO)NC(=O)C(Cl)Cl)O)[N+](=O)[O-],323.13,0.909,-6.673,-2.0651,10.0,13.0,11.2,0.5
ScaC,1,224171,"(1S,2S)-2-amino-1-(4-nitrophenyl)propane-1,3-diol",C1=CC(=CC=C1[C@@H]([C@H](CO)N)O)[N+](=O)[O-],212.2,-0.052,-6.056,-2.8539,18.0,4.0,12.399999999999999,0.9
ScaC,1,10070893,"N-[(1R,2R)-1,3-dihydroxy-1-(4-nitrophenyl)propan-2-yl]tetradecanamide",CCCCCCCCCCCCCC(=O)N[C@H](CO)[C@@H](C1=CC=C(C=C1)[N+](=O)[O-])O,422.6,4.806,-6.78,-1.6044,9.0,18.0,12.6,0.45
ScaC,1,83948,"[(1R,2R)-2-[(2,2-dichloroacetyl)amino]-3-hydroxy-1-(4-nitrophenyl)propyl] acetate",CC(=O)O[C@H](C1=CC=C(C=C1)[N+](=O)[O-])[C@@H](CO)NC(=O)C(Cl)Cl,365.16,1.48,-6.602,-1.808,11.0,16.0,13.0,0.55
ScaC,1,4335,"N-[1,3-dihydroxy-1-(4-nitrophenyl)propan-2-yl]acetamide",CC(=O)NC(CO)C(C1=CC=C(C=C1)[N+](=O)[O-])O,254.24,0.125,-6.201,-2.439,17.0,8.0,13.399999999999999,0.85
ScaC,1,6317,1-(4-nitrophenyl)-2-(propan-2-ylamino)ethanol,CC(C)NCC(C1=CC=C(C=C1)[N+](=O)[O-])O,224.26,1.626,-5.979,-2.6661,20.0,5.0,14.0,1.0
ScaC,1,298,"2,2-dichloro-N-[1,3-dihydroxy-1-(4-nitrophenyl)propan-2-yl]acetamide",C1=CC(=CC=C1C(C(CO)NC(=O)C(Cl)Cl)O)[N+](=O)[O-],323.13,0.909,-6.414,-1.985,14.0,14.0,14.0,0.7
ScaC,1,10251090,"2,2-dibromo-N-[1,3-dihydroxy-1-(4-nitrophenyl)propan-2-yl]acetamide",C1=CC(=CC=C1C(C(CO)NC(=O)C(Br)Br)O)[N+](=O)[O-],412.03,1.221,-6.491,-1.5754,12.0,19.0,14.8,0.6
ScaC,1,247978,"N-[(1R,2R)-1,3-dihydroxy-1-(4-nitrophenyl)propan-2-yl]acetamide",CC(=O)N[C@H](CO)[C@@H](C1=CC=C(C=C1)[N+](=O)[O-])O,254.24,0.125,-6.037,-2.3745,19.0,11.0,15.8,0.95
