target,pocket,cid,name,smiles,mw,logp,affinity,ligand_eff,affinity_rank,le_rank,composite,confidence,explanation
LipL32,1,56208,6-fluoro-1-(4-fluorophenyl)-4-oxo-7-piperazin-1-ylquinoline-3-carboxylic acid,C1CN(CCN1)C2=C(C=C3C(=C2)N(C=C(C3=O)C(=O)O)C4=CC=C(C=C4)F)F,385.4,2.377,-10.46,-2.7141,1.0,4.0,2.2,0.042,"[LipL32] Leptospira outer membrane lipoprotein — key target in leptospirosis. Compound '6-fluoro-1-(4-fluorophenyl)-4-oxo-7-piperazin-1-ylquinoline-3-carboxylic acid' (MW=385.4 Da, logP=2.377) shows strong binding (ΔG=-10.46 kcal/mol) at pocket 1 with high ligand efficiency (LE=-2.7141). Confidence: 4%."
LipL32,1,56206,6-fluoro-1-(4-fluorophenyl)-7-(4-methylpiperazin-1-yl)-4-oxoquinoline-3-carboxylic acid,CN1CCN(CC1)C2=C(C=C3C(=C2)N(C=C(C3=O)C(=O)O)C4=CC=C(C=C4)F)F,399.4,2.719,-10.04,-2.5138,2.0,9.0,4.8,0.083,"[LipL32] Leptospira outer membrane lipoprotein — key target in leptospirosis. Compound '6-fluoro-1-(4-fluorophenyl)-7-(4-methylpiperazin-1-yl)-4-oxoquinoline-3-carboxylic acid' (MW=399.4 Da, logP=2.719) shows strong binding (ΔG=-10.04 kcal/mol) at pocket 1 with high ligand efficiency (LE=-2.5138). Confidence: 8%."
LipL32,1,4410,"7-fluoro-8-(4-hydroxypiperidin-1-yl)-12-methyl-4-oxo-1-azatricyclo[7.3.1.05,13]trideca-2,5,7,9(13)-tetraene-3-carboxylic acid",CC1CCC2=C3N1C=C(C(=O)C3=CC(=C2N4CCC(CC4)O)F)C(=O)O,360.4,2.307,-10.0,-2.7747,3.0,2.0,2.5999999999999996,0.125,"[LipL32] Leptospira outer membrane lipoprotein — key target in leptospirosis. Compound '7-fluoro-8-(4-hydroxypiperidin-1-yl)-12-methyl-4-oxo-1-azatricyclo[7.3.1.05,13]trideca-2,5,7,9(13)-tetraene-3-carboxylic acid' (MW=360.4 Da, logP=2.307) shows strong binding (ΔG=-10.0 kcal/mol) at pocket 1 with high ligand efficiency (LE=-2.7747). Confidence: 12%."
LipL32,1,60464,"5-amino-1-cyclopropyl-7-[(3R,5S)-3,5-dimethylpiperazin-1-yl]-6,8-difluoro-4-oxoquinoline-3-carboxylic acid",C[C@@H]1CN(C[C@@H](N1)C)C2=C(C(=C3C(=C2F)N(C=C(C3=O)C(=O)O)C4CC4)N)F,392.4,2.082,-9.786,-2.4939,4.0,10.0,6.4,0.167,"[LipL32] Leptospira outer membrane lipoprotein — key target in leptospirosis. Compound '5-amino-1-cyclopropyl-7-[(3R,5S)-3,5-dimethylpiperazin-1-yl]-6,8-difluoro-4-oxoquinoline-3-carboxylic acid' (MW=392.4 Da, logP=2.082) shows strong binding (ΔG=-9.786 kcal/mol) at pocket 1 with high ligand efficiency (LE=-2.4939). Confidence: 17%."
LipL32,1,60021,"1-(2,4-difluorophenyl)-6-fluoro-7-(3-methylpiperazin-1-yl)-4-oxoquinoline-3-carboxylic acid",CC1CN(CCN1)C2=C(C=C3C(=C2)N(C=C(C3=O)C(=O)O)C4=C(C=C(C=C4)F)F)F,417.4,2.904,-9.677,-2.3184,5.0,17.0,9.8,0.208,"[LipL32] Leptospira outer membrane lipoprotein — key target in leptospirosis. Compound '1-(2,4-difluorophenyl)-6-fluoro-7-(3-methylpiperazin-1-yl)-4-oxoquinoline-3-carboxylic acid' (MW=417.4 Da, logP=2.904) shows strong binding (ΔG=-9.677 kcal/mol) at pocket 1 with high ligand efficiency (LE=-2.3184). Confidence: 21%."
LipL32,1,54678924,"(4aS,5aR,12aR)-1,10,11,12a-tetrahydroxy-3,12-dioxo-4a,5,5a,6-tetrahydro-4H-tetracene-2-carboxamide",C1[C@@H]2CC3=C(C(=CC=C3)O)C(=C2C(=O)[C@]4([C@@H]1CC(=O)C(=C4O)C(=O)N)O)O,371.3,0.424,-9.52,-2.564,6.0,7.0,6.4,0.25,"[LipL32] Leptospira outer membrane lipoprotein — key target in leptospirosis. Compound '(4aS,5aR,12aR)-1,10,11,12a-tetrahydroxy-3,12-dioxo-4a,5,5a,6-tetrahydro-4H-tetracene-2-carboxamide' (MW=371.3 Da, logP=0.424) shows strong binding (ΔG=-9.52 kcal/mol) at pocket 1 with high ligand efficiency (LE=-2.564). Confidence: 25%."
LipL32,1,3374,"7-fluoro-12-methyl-4-oxo-1-azatricyclo[7.3.1.05,13]trideca-2,5,7,9(13)-tetraene-3-carboxylic acid",CC1CCC2=C3N1C=C(C(=O)C3=CC(=C2)F)C(=O)O,261.25,2.346,-9.408,-3.6011,7.0,1.0,4.6000000000000005,0.292,"[LipL32] Leptospira outer membrane lipoprotein — key target in leptospirosis. Compound '7-fluoro-12-methyl-4-oxo-1-azatricyclo[7.3.1.05,13]trideca-2,5,7,9(13)-tetraene-3-carboxylic acid' (MW=261.25 Da, logP=2.346) shows strong binding (ΔG=-9.408 kcal/mol) at pocket 1 with high ligand efficiency (LE=-3.6011). Confidence: 29%."
LipL32,1,54675758,"(4S,4aS,12aR)-4-(dimethylamino)-1,10,11,12a-tetrahydroxy-6-methyl-3,12-dioxo-4a,5-dihydro-4H-tetracene-2-carboxamide",CC1=C2C=CC=C(C2=C(C3=C1C[C@H]4[C@@H](C(=O)C(=C([C@]4(C3=O)O)O)C(=O)N)N(C)C)O)O,426.4,0.456,-9.271,-2.1742,8.0,21.0,13.2,0.333,"[LipL32] Leptospira outer membrane lipoprotein — key target in leptospirosis. Compound '(4S,4aS,12aR)-4-(dimethylamino)-1,10,11,12a-tetrahydroxy-6-methyl-3,12-dioxo-4a,5-dihydro-4H-tetracene-2-carboxamide' (MW=426.4 Da, logP=0.456) shows strong binding (ΔG=-9.271 kcal/mol) at pocket 1 with high ligand efficiency (LE=-2.1742). Confidence: 33%."
LipL32,1,2764,1-cyclopropyl-6-fluoro-4-oxo-7-piperazin-1-ylquinoline-3-carboxylic acid,C1CC1N2C=C(C(=O)C3=CC(=C(C=C32)N4CCNCC4)F)C(=O)O,331.34,1.583,-9.102,-2.747,9.0,3.0,6.6,0.375,"[LipL32] Leptospira outer membrane lipoprotein — key target in leptospirosis. Compound '1-cyclopropyl-6-fluoro-4-oxo-7-piperazin-1-ylquinoline-3-carboxylic acid' (MW=331.34 Da, logP=1.583) shows strong binding (ΔG=-9.102 kcal/mol) at pocket 1 with high ligand efficiency (LE=-2.747). Confidence: 38%."
LipL32,1,5379,1-cyclopropyl-6-fluoro-8-methoxy-7-(3-methylpiperazin-1-yl)-4-oxoquinoline-3-carboxylic acid,CC1CN(CCN1)C2=C(C=C3C(=C2OC)N(C=C(C3=O)C(=O)O)C4CC4)F,375.4,1.98,-9.079,-2.4185,10.0,12.0,10.8,0.417,"[LipL32] Leptospira outer membrane lipoprotein — key target in leptospirosis. Compound '1-cyclopropyl-6-fluoro-8-methoxy-7-(3-methylpiperazin-1-yl)-4-oxoquinoline-3-carboxylic acid' (MW=375.4 Da, logP=1.98) shows strong binding (ΔG=-9.079 kcal/mol) at pocket 1 with high ligand efficiency (LE=-2.4185). Confidence: 42%."
NS3_Helicase,1,10489511,"1-[(2S,4R,5S)-4-hydroxy-5-(hydroxymethyl)oxolan-2-yl]-1,2,4-triazole-3-carboxamide",C1[C@H]([C@@H](O[C@@H]1N2C=NC(=N2)C(=O)N)CO)O,228.21,-1.982,-8.724,-3.8228,1.0,1.0,1.0,0.04,"[NS3_Helicase] Dengue virus NS3 helicase/NTPase — key target in dengue fever. Compound '1-[(2S,4R,5S)-4-hydroxy-5-(hydroxymethyl)oxolan-2-yl]-1,2,4-triazole-3-carboxamide' (MW=228.21 Da, logP=-1.982) shows strong binding (ΔG=-8.724 kcal/mol) at pocket 1 with high ligand efficiency (LE=-3.8228). Confidence: 4%."
ScaC,1,54678924,"(4aS,5aR,12aR)-1,10,11,12a-tetrahydroxy-3,12-dioxo-4a,5,5a,6-tetrahydro-4H-tetracene-2-carboxamide",C1[C@@H]2CC3=C(C(=CC=C3)O)C(=C2C(=O)[C@]4([C@@H]1CC(=O)C(=C4O)C(=O)N)O)O,371.3,0.424,-8.453,-2.2766,1.0,12.0,5.4,0.05,"[ScaC] Orientia tsutsugamushi surface cell antigen — key target in scrub typhus. Compound '(4aS,5aR,12aR)-1,10,11,12a-tetrahydroxy-3,12-dioxo-4a,5,5a,6-tetrahydro-4H-tetracene-2-carboxamide' (MW=371.3 Da, logP=0.424) shows strong binding (ΔG=-8.453 kcal/mol) at pocket 1 with high ligand efficiency (LE=-2.2766). Confidence: 5%."
ScaC,1,54675758,"(4S,4aS,12aR)-4-(dimethylamino)-1,10,11,12a-tetrahydroxy-6-methyl-3,12-dioxo-4a,5-dihydro-4H-tetracene-2-carboxamide",CC1=C2C=CC=C(C2=C(C3=C1C[C@H]4[C@@H](C(=O)C(=C([C@]4(C3=O)O)O)C(=O)N)N(C)C)O)O,426.4,0.456,-8.432,-1.9775,2.0,15.0,7.2,0.1,"[ScaC] Orientia tsutsugamushi surface cell antigen — key target in scrub typhus. Compound '(4S,4aS,12aR)-4-(dimethylamino)-1,10,11,12a-tetrahydroxy-6-methyl-3,12-dioxo-4a,5-dihydro-4H-tetracene-2-carboxamide' (MW=426.4 Da, logP=0.456) shows strong binding (ΔG=-8.432 kcal/mol) at pocket 1 with moderate ligand efficiency (LE=-1.9775). Confidence: 10%."
ScaC,1,3647975,3-hydroxy-3-(4-nitrophenyl)-2-[(2-phenylacetyl)amino]propanoic acid,C1=CC=C(C=C1)CC(=O)NC(C(C2=CC=C(C=C2)[N+](=O)[O-])O)C(=O)O,344.32,1.44,-8.389,-2.4364,3.0,9.0,5.4,0.15,"[ScaC] Orientia tsutsugamushi surface cell antigen — key target in scrub typhus. Compound '3-hydroxy-3-(4-nitrophenyl)-2-[(2-phenylacetyl)amino]propanoic acid' (MW=344.32 Da, logP=1.44) shows strong binding (ΔG=-8.389 kcal/mol) at pocket 1 with high ligand efficiency (LE=-2.4364). Confidence: 15%."
NS3_Helicase,1,498376,"1-[(2R,3R,4S,5R)-3,4-dihydroxy-5-(hydroxymethyl)oxolan-2-yl]-N'-methyl-1,2,4-triazole-3-carboximidamide",CN=C(C1=NN(C=N1)[C@H]2[C@@H]([C@@H]([C@H](O2)CO)O)O)N,257.25,-2.775,-8.113,-3.1537,2.0,4.0,2.8,0.08,"[NS3_Helicase] Dengue virus NS3 helicase/NTPase — key target in dengue fever. Compound '1-[(2R,3R,4S,5R)-3,4-dihydroxy-5-(hydroxymethyl)oxolan-2-yl]-N'-methyl-1,2,4-triazole-3-carboximidamide' (MW=257.25 Da, logP=-2.775) shows strong binding (ΔG=-8.113 kcal/mol) at pocket 1 with high ligand efficiency (LE=-3.1537). Confidence: 8%."
ScaC,1,54675783,"(4S,4aS,5aR,12aR)-4,7-bis(dimethylamino)-1,10,11,12a-tetrahydroxy-3,12-dioxo-4a,5,5a,6-tetrahydro-4H-tetracene-2-carboxamide",CN(C)[C@H]1[C@@H]2C[C@@H]3CC4=C(C=CC(=C4C(=C3C(=O)[C@@]2(C(=C(C1=O)C(=O)N)O)O)O)O)N(C)C,457.5,0.03,-7.946,-1.7368,4.0,17.0,9.200000000000001,0.2,"[ScaC] Orientia tsutsugamushi surface cell antigen — key target in scrub typhus. Compound '(4S,4aS,5aR,12aR)-4,7-bis(dimethylamino)-1,10,11,12a-tetrahydroxy-3,12-dioxo-4a,5,5a,6-tetrahydro-4H-tetracene-2-carboxamide' (MW=457.5 Da, logP=0.03) shows strong binding (ΔG=-7.946 kcal/mol) at pocket 1 with moderate ligand efficiency (LE=-1.7368). Confidence: 20%."
NS3_Helicase,1,3006933,"(2R,3S,4R,5R)-2-(hydroxymethyl)-5-[3-(5-hydroxy-1,4,5,6-tetrahydropyrimidin-2-yl)-1,2,4-triazol-1-yl]oxolane-3,4-diol",C1C(CN=C(N1)C2=NN(C=N2)[C@H]3[C@@H]([C@@H]([C@H](O3)CO)O)O)O,299.28,-3.4,-7.829,-2.6159,3.0,13.0,7.0,0.12,"[NS3_Helicase] Dengue virus NS3 helicase/NTPase — key target in dengue fever. Compound '(2R,3S,4R,5R)-2-(hydroxymethyl)-5-[3-(5-hydroxy-1,4,5,6-tetrahydropyrimidin-2-yl)-1,2,4-triazol-1-yl]oxolane-3,4-diol' (MW=299.28 Da, logP=-3.4) shows strong binding (ΔG=-7.829 kcal/mol) at pocket 1 with high ligand efficiency (LE=-2.6159). Confidence: 12%."
NS3_Helicase,1,100252,"[(2R,3S,4R,5R)-5-(3-carbamoyl-1,2,4-triazol-1-yl)-3,4-dihydroxyoxolan-2-yl]methyl dihydrogen phosphate",C1=NC(=NN1[C@H]2[C@@H]([C@@H]([C@H](O2)COP(=O)(O)O)O)O)C(=O)N,324.18,-2.894,-7.77,-2.3968,4.0,20.0,10.4,0.16,"[NS3_Helicase] Dengue virus NS3 helicase/NTPase — key target in dengue fever. Compound '[(2R,3S,4R,5R)-5-(3-carbamoyl-1,2,4-triazol-1-yl)-3,4-dihydroxyoxolan-2-yl]methyl dihydrogen phosphate' (MW=324.18 Da, logP=-2.894) shows strong binding (ΔG=-7.77 kcal/mol) at pocket 1 with high ligand efficiency (LE=-2.3968). Confidence: 16%."
NS3_Helicase,1,6713992,"1-[(2R,4R,5R)-3,4-dihydroxy-5-(hydroxymethyl)oxolan-2-yl]-1,2,4-triazole-3-carboxamide",C1=NC(=NN1[C@H]2C([C@H]([C@H](O2)CO)O)O)C(=O)N,244.2,-3.011,-7.747,-3.1724,5.0,3.0,4.2,0.2,"[NS3_Helicase] Dengue virus NS3 helicase/NTPase — key target in dengue fever. Compound '1-[(2R,4R,5R)-3,4-dihydroxy-5-(hydroxymethyl)oxolan-2-yl]-1,2,4-triazole-3-carboxamide' (MW=244.2 Da, logP=-3.011) shows strong binding (ΔG=-7.747 kcal/mol) at pocket 1 with high ligand efficiency (LE=-3.1724). Confidence: 20%."
ScaC,1,54681908,"(4S,4aS,5aR,12aR)-4-(dimethylamino)-1,10,11,12a-tetrahydroxy-7-[[methoxy(methyl)amino]methyl]-3,12-dioxo-4a,5,5a,6-tetrahydro-4H-tetracene-2-carboxamide",CN(C)[C@H]1[C@@H]2C[C@@H]3CC4=C(C=CC(=C4C(=C3C(=O)[C@@]2(C(=C(C1=O)C(=O)N)O)O)O)O)CN(C)OC,487.5,-0.043,-7.638,-1.5668,5.0,20.0,11.0,0.25,"[ScaC] Orientia tsutsugamushi surface cell antigen — key target in scrub typhus. Compound '(4S,4aS,5aR,12aR)-4-(dimethylamino)-1,10,11,12a-tetrahydroxy-7-[[methoxy(methyl)amino]methyl]-3,12-dioxo-4a,5,5a,6-tetrahydro-4H-tetracene-2-carboxamide' (MW=487.5 Da, logP=-0.043) shows strong binding (ΔG=-7.638 kcal/mol) at pocket 1 with moderate ligand efficiency (LE=-1.5668). Confidence: 25%."
NS3_Helicase,1,45273159,"1-[(2R,3R,4S,5S)-3,4-dihydroxy-5-(2-hydroxyethylsulfanylmethyl)oxolan-2-yl]-1,2,4-triazole-3-carboxamide",C1=NC(=NN1[C@H]2[C@@H]([C@@H]([C@H](O2)CSCCO)O)O)C(=O)N,304.33,-2.278,-7.634,-2.5085,6.0,16.0,10.0,0.24,"[NS3_Helicase] Dengue virus NS3 helicase/NTPase — key target in dengue fever. Compound '1-[(2R,3R,4S,5S)-3,4-dihydroxy-5-(2-hydroxyethylsulfanylmethyl)oxolan-2-yl]-1,2,4-triazole-3-carboxamide' (MW=304.33 Da, logP=-2.278) shows strong binding (ΔG=-7.634 kcal/mol) at pocket 1 with high ligand efficiency (LE=-2.5085). Confidence: 24%."
NS3_Helicase,1,2962711,"[5-(3-carbamoyl-1,2,4-triazol-1-yl)-3,4-dihydroxyoxolan-2-yl]methyl 2,2-dimethylpropanoate",CC(C)(C)C(=O)OCC1C(C(C(O1)N2C=NC(=N2)C(=O)N)O)O,328.32,-1.414,-7.595,-2.3133,7.0,23.0,13.400000000000002,0.28,"[NS3_Helicase] Dengue virus NS3 helicase/NTPase — key target in dengue fever. Compound '[5-(3-carbamoyl-1,2,4-triazol-1-yl)-3,4-dihydroxyoxolan-2-yl]methyl 2,2-dimethylpropanoate' (MW=328.32 Da, logP=-1.414) shows strong binding (ΔG=-7.595 kcal/mol) at pocket 1 with high ligand efficiency (LE=-2.3133). Confidence: 28%."
ScaC,1,4658465,1-[2-hydroxy-2-(4-nitrophenyl)ethyl]-3-phenylurea,C1=CC=C(C=C1)NC(=O)NCC(C2=CC=C(C=C2)[N+](=O)[O-])O,301.3,2.45,-7.419,-2.4623,6.0,6.0,6.0,0.3,"[ScaC] Orientia tsutsugamushi surface cell antigen — key target in scrub typhus. Compound '1-[2-hydroxy-2-(4-nitrophenyl)ethyl]-3-phenylurea' (MW=301.3 Da, logP=2.45) shows strong binding (ΔG=-7.419 kcal/mol) at pocket 1 with high ligand efficiency (LE=-2.4623). Confidence: 30%."
NS3_Helicase,1,321727,"[5-(3-carbamoyl-1,2,4-triazol-1-yl)-3,4-dihydroxyoxolan-2-yl]methyl dihydrogen phosphate",C1=NC(=NN1C2C(C(C(O2)COP(=O)(O)O)O)O)C(=O)N,324.18,-2.894,-7.35,-2.2673,8.0,24.0,14.400000000000002,0.32,"[NS3_Helicase] Dengue virus NS3 helicase/NTPase — key target in dengue fever. Compound '[5-(3-carbamoyl-1,2,4-triazol-1-yl)-3,4-dihydroxyoxolan-2-yl]methyl dihydrogen phosphate' (MW=324.18 Da, logP=-2.894) shows strong binding (ΔG=-7.35 kcal/mol) at pocket 1 with high ligand efficiency (LE=-2.2673). Confidence: 32%."
NS3_Helicase,1,10633086,"1-[(2S,3S,4R,5S)-3,4-dihydroxy-5-methyloxolan-2-yl]-1,2,4-triazole-3-carboxamide",C[C@H]1[C@@H]([C@@H]([C@H](O1)N2C=NC(=N2)C(=O)N)O)O,228.21,-1.984,-7.326,-3.2102,9.0,2.0,6.199999999999999,0.36,"[NS3_Helicase] Dengue virus NS3 helicase/NTPase — key target in dengue fever. Compound '1-[(2S,3S,4R,5S)-3,4-dihydroxy-5-methyloxolan-2-yl]-1,2,4-triazole-3-carboxamide' (MW=228.21 Da, logP=-1.984) shows strong binding (ΔG=-7.326 kcal/mol) at pocket 1 with high ligand efficiency (LE=-3.2102). Confidence: 36%."
NS3_Helicase,1,5064,"1-[3,4-dihydroxy-5-(hydroxymethyl)oxolan-2-yl]-1,2,4-triazole-3-carboxamide",C1=NC(=NN1C2C(C(C(O2)CO)O)O)C(=O)N,244.2,-3.011,-7.313,-2.9947,10.0,5.0,8.0,0.4,"[NS3_Helicase] Dengue virus NS3 helicase/NTPase — key target in dengue fever. Compound '1-[3,4-dihydroxy-5-(hydroxymethyl)oxolan-2-yl]-1,2,4-triazole-3-carboxamide' (MW=244.2 Da, logP=-3.011) shows strong binding (ΔG=-7.313 kcal/mol) at pocket 1 with high ligand efficiency (LE=-2.9947). Confidence: 40%."
ScaC,1,5046881,N-[2-hydroxy-2-(4-nitrophenyl)ethyl]cyclohexanecarboxamide,C1CCC(CC1)C(=O)NCC(C2=CC=C(C=C2)[N+](=O)[O-])O,292.33,2.325,-7.142,-2.4431,7.0,7.0,7.0,0.35,"[ScaC] Orientia tsutsugamushi surface cell antigen — key target in scrub typhus. Compound 'N-[2-hydroxy-2-(4-nitrophenyl)ethyl]cyclohexanecarboxamide' (MW=292.33 Da, logP=2.325) shows strong binding (ΔG=-7.142 kcal/mol) at pocket 1 with high ligand efficiency (LE=-2.4431). Confidence: 35%."
ScaC,1,44392548,"[(2S,3S)-2-amino-3-hydroxy-3-(4-nitrophenyl)propyl] dihydrogen phosphate",C1=CC(=CC=C1[C@@H]([C@H](COP(=O)(O)O)N)O)[N+](=O)[O-],292.18,0.065,-6.94,-2.3752,8.0,10.0,8.8,0.4,"[ScaC] Orientia tsutsugamushi surface cell antigen — key target in scrub typhus. Compound '[(2S,3S)-2-amino-3-hydroxy-3-(4-nitrophenyl)propyl] dihydrogen phosphate' (MW=292.18 Da, logP=0.065) shows moderate binding (ΔG=-6.94 kcal/mol) at pocket 1 with high ligand efficiency (LE=-2.3752). Confidence: 40%."
ScaC,1,10070893,"N-[(1R,2R)-1,3-dihydroxy-1-(4-nitrophenyl)propan-2-yl]tetradecanamide",CCCCCCCCCCCCCC(=O)N[C@H](CO)[C@@H](C1=CC=C(C=C1)[N+](=O)[O-])O,422.6,4.806,-6.78,-1.6044,9.0,18.0,12.6,0.45,"[ScaC] Orientia tsutsugamushi surface cell antigen — key target in scrub typhus. Compound 'N-[(1R,2R)-1,3-dihydroxy-1-(4-nitrophenyl)propan-2-yl]tetradecanamide' (MW=422.6 Da, logP=4.806) shows moderate binding (ΔG=-6.78 kcal/mol) at pocket 1 with moderate ligand efficiency (LE=-1.6044). Confidence: 45%."
ScaC,1,92099,"2,2-dichloro-N-[(1S,2S)-1,3-dihydroxy-1-(4-nitrophenyl)propan-2-yl]acetamide",C1=CC(=CC=C1[C@@H]([C@H](CO)NC(=O)C(Cl)Cl)O)[N+](=O)[O-],323.13,0.909,-6.673,-2.0651,10.0,13.0,11.2,0.5,"[ScaC] Orientia tsutsugamushi surface cell antigen — key target in scrub typhus. Compound '2,2-dichloro-N-[(1S,2S)-1,3-dihydroxy-1-(4-nitrophenyl)propan-2-yl]acetamide' (MW=323.13 Da, logP=0.909) shows moderate binding (ΔG=-6.673 kcal/mol) at pocket 1 with high ligand efficiency (LE=-2.0651). Confidence: 50%."
BpeB,1,5379,1-cyclopropyl-6-fluoro-8-methoxy-7-(3-methylpiperazin-1-yl)-4-oxoquinoline-3-carboxylic acid,CC1CN(CCN1)C2=C(C=C3C(=C2OC)N(C=C(C3=O)C(=O)O)C4CC4)F,375.4,1.98,-0.002646,-0.0007,1.0,1.0,1.0,0.043,"[BpeB] Burkholderia pseudomallei efflux pump regulator — key target in melioidosis. Compound '1-cyclopropyl-6-fluoro-8-methoxy-7-(3-methylpiperazin-1-yl)-4-oxoquinoline-3-carboxylic acid' (MW=375.4 Da, logP=1.98) shows weak binding (ΔG=-0.002646 kcal/mol) at pocket 1 with low ligand efficiency (LE=-0.0007). Confidence: 4%."
BpeB,1,60464,"5-amino-1-cyclopropyl-7-[(3R,5S)-3,5-dimethylpiperazin-1-yl]-6,8-difluoro-4-oxoquinoline-3-carboxylic acid",C[C@@H]1CN(C[C@@H](N1)C)C2=C(C(=C3C(=C2F)N(C=C(C3=O)C(=O)O)C4CC4)N)F,392.4,2.082,-0.000332,-0.0001,2.0,3.0,2.4000000000000004,0.087,"[BpeB] Burkholderia pseudomallei efflux pump regulator — key target in melioidosis. Compound '5-amino-1-cyclopropyl-7-[(3R,5S)-3,5-dimethylpiperazin-1-yl]-6,8-difluoro-4-oxoquinoline-3-carboxylic acid' (MW=392.4 Da, logP=2.082) shows weak binding (ΔG=-0.000332 kcal/mol) at pocket 1 with low ligand efficiency (LE=-0.0001). Confidence: 9%."
BpeB,1,60021,"1-(2,4-difluorophenyl)-6-fluoro-7-(3-methylpiperazin-1-yl)-4-oxoquinoline-3-carboxylic acid",CC1CN(CCN1)C2=C(C=C3C(=C2)N(C=C(C3=O)C(=O)O)C4=C(C=C(C=C4)F)F)F,417.4,2.904,-0.0002925,-0.0001,3.0,3.0,3.0,0.13,"[BpeB] Burkholderia pseudomallei efflux pump regulator — key target in melioidosis. Compound '1-(2,4-difluorophenyl)-6-fluoro-7-(3-methylpiperazin-1-yl)-4-oxoquinoline-3-carboxylic acid' (MW=417.4 Da, logP=2.904) shows weak binding (ΔG=-0.0002925 kcal/mol) at pocket 1 with low ligand efficiency (LE=-0.0001). Confidence: 13%."
BpeB,1,71335,"1-cyclopropyl-6-fluoro-7-[(1S,4S)-5-methyl-2,5-diazabicyclo[2.2.1]heptan-2-yl]-4-oxoquinoline-3-carboxylic acid",CN1C[C@@H]2C[C@H]1CN2C3=C(C=C4C(=C3)N(C=C(C4=O)C(=O)O)C5CC5)F,357.4,2.066,-0.0002158,-0.0001,4.0,3.0,3.6,0.174,"[BpeB] Burkholderia pseudomallei efflux pump regulator — key target in melioidosis. Compound '1-cyclopropyl-6-fluoro-7-[(1S,4S)-5-methyl-2,5-diazabicyclo[2.2.1]heptan-2-yl]-4-oxoquinoline-3-carboxylic acid' (MW=357.4 Da, logP=2.066) shows weak binding (ΔG=-0.0002158 kcal/mol) at pocket 1 with low ligand efficiency (LE=-0.0001). Confidence: 17%."
BpeB,1,60605,"1-cyclopropyl-7-[(3S,5R)-3,5-dimethylpiperazin-1-yl]-5,6,8-trifluoro-4-oxoquinoline-3-carboxylic acid",C[C@@H]1CN(C[C@@H](N1)C)C2=C(C3=C(C(=C2F)F)C(=O)C(=CN3C4CC4)C(=O)O)F,395.4,2.639,-0.0001952,-0.0,5.0,14.0,8.600000000000001,0.217,"[BpeB] Burkholderia pseudomallei efflux pump regulator — key target in melioidosis. Compound '1-cyclopropyl-7-[(3S,5R)-3,5-dimethylpiperazin-1-yl]-5,6,8-trifluoro-4-oxoquinoline-3-carboxylic acid' (MW=395.4 Da, logP=2.639) shows weak binding (ΔG=-0.0001952 kcal/mol) at pocket 1 with low ligand efficiency (LE=-0.0). Confidence: 22%."
BpeB,1,65958,1-cyclopropyl-6-fluoro-8-methoxy-7-[3-(methylamino)piperidin-1-yl]-4-oxoquinoline-3-carboxylic acid,CNC1CCCN(C1)C2=C(C=C3C(=C2OC)N(C=C(C3=O)C(=O)O)C4CC4)F,389.4,2.37,-0.0001696,-0.0,6.0,14.0,9.2,0.261,"[BpeB] Burkholderia pseudomallei efflux pump regulator — key target in melioidosis. Compound '1-cyclopropyl-6-fluoro-8-methoxy-7-[3-(methylamino)piperidin-1-yl]-4-oxoquinoline-3-carboxylic acid' (MW=389.4 Da, logP=2.37) shows weak binding (ΔG=-0.0001696 kcal/mol) at pocket 1 with low ligand efficiency (LE=-0.0). Confidence: 26%."
BpeB,1,3948,"1-ethyl-6,8-difluoro-7-(3-methylpiperazin-1-yl)-4-oxoquinoline-3-carboxylic acid",CCN1C=C(C(=O)C2=CC(=C(C(=C21)F)N3CCNC(C3)C)F)C(=O)O,351.35,1.796,-0.0001232,-0.0,7.0,14.0,9.8,0.304,"[BpeB] Burkholderia pseudomallei efflux pump regulator — key target in melioidosis. Compound '1-ethyl-6,8-difluoro-7-(3-methylpiperazin-1-yl)-4-oxoquinoline-3-carboxylic acid' (MW=351.35 Da, logP=1.796) shows weak binding (ΔG=-0.0001232 kcal/mol) at pocket 1 with low ligand efficiency (LE=-0.0). Confidence: 30%."
BpeB,1,2764,1-cyclopropyl-6-fluoro-4-oxo-7-piperazin-1-ylquinoline-3-carboxylic acid,C1CC1N2C=C(C(=O)C3=CC(=C(C=C32)N4CCNCC4)F)C(=O)O,331.34,1.583,-0.0001064,-0.0,8.0,14.0,10.4,0.348,"[BpeB] Burkholderia pseudomallei efflux pump regulator — key target in melioidosis. Compound '1-cyclopropyl-6-fluoro-4-oxo-7-piperazin-1-ylquinoline-3-carboxylic acid' (MW=331.34 Da, logP=1.583) shows weak binding (ΔG=-0.0001064 kcal/mol) at pocket 1 with low ligand efficiency (LE=-0.0). Confidence: 35%."
BpeB,1,3357,"6,8-difluoro-1-(2-fluoroethyl)-7-(4-methylpiperazin-1-yl)-4-oxoquinoline-3-carboxylic acid",CN1CCN(CC1)C2=C(C=C3C(=C2F)N(C=C(C3=O)C(=O)O)CCF)F,369.34,1.699,-9.045e-05,-0.0,9.0,14.0,11.0,0.391,"[BpeB] Burkholderia pseudomallei efflux pump regulator — key target in melioidosis. Compound '6,8-difluoro-1-(2-fluoroethyl)-7-(4-methylpiperazin-1-yl)-4-oxoquinoline-3-carboxylic acid' (MW=369.34 Da, logP=1.699) shows weak binding (ΔG=-9.045e-05 kcal/mol) at pocket 1 with low ligand efficiency (LE=-0.0). Confidence: 39%."
BpeB,1,58258,"7-fluoro-6-(4-methylpiperazin-1-yl)-10-oxo-4-thia-1-azatricyclo[7.3.1.05,13]trideca-5(13),6,8,11-tetraene-11-carboxylic acid",CN1CCN(CC1)C2=C(C=C3C4=C2SCCN4C=C(C3=O)C(=O)O)F,363.4,1.696,-5.968e-05,-0.0,10.0,14.0,11.600000000000001,0.435,"[BpeB] Burkholderia pseudomallei efflux pump regulator — key target in melioidosis. Compound '7-fluoro-6-(4-methylpiperazin-1-yl)-10-oxo-4-thia-1-azatricyclo[7.3.1.05,13]trideca-5(13),6,8,11-tetraene-11-carboxylic acid' (MW=363.4 Da, logP=1.696) shows weak binding (ΔG=-5.968e-05 kcal/mol) at pocket 1 with low ligand efficiency (LE=-0.0). Confidence: 44%."
